geo_unit,country,admin1,event_date,proba,predicted_class,risk_category,top_drivers,events_w7d,fatalities_w7d
Abyei,Sudan,Abyei,2026-07-11,0.04286666214466095,0,Low,"events_w30d: -1.472, events_w14d: -0.581, admin1_code: -0.445",0.0,0.0
Al Jazirah,Sudan,Al Jazirah,2026-07-25,0.20755134522914886,1,Medium,"events_w14d: -0.475, events_w30d: -0.403, admin1_code: -0.273",1.0,0.0
Andaman and Nicobar Islands,India,Andaman and Nicobar Islands,2026-07-25,0.27337178587913513,1,Medium,"admin1_code: -0.622, velocity_events_w30d: -0.398, events_w14d: +0.198",2.0,0.0
Andhra Pradesh,India,Andhra Pradesh,2026-07-25,0.6028290390968323,1,Critical,"velocity_events_w30d: +0.452, events_w7d: +0.291, events_w30d: -0.262",25.0,0.0
Arunachal Pradesh,India,Arunachal Pradesh,2026-07-18,0.4453061521053314,1,High,"velocity_events_w30d: -0.308, events_w30d: +0.202, admin1_code: -0.183",4.0,0.0
Assam,India,Assam,2026-07-25,0.546574056148529,1,High,"velocity_events_w30d: -0.792, events_w7d: +0.388, fatalities_w30d: -0.327",30.0,0.0
Ayeyarwady,Myanmar,Ayeyarwady,2026-07-25,0.6785956621170044,1,Critical,"events_w30d: +0.275, fatalities_w30d: +0.247, admin1_code: -0.163",9.0,2.0
Bago-East,Myanmar,Bago-East,2026-07-25,0.7806971669197083,1,Critical,"velocity_events_w30d: +0.899, events_w7d: -0.464, events_w30d: +0.301",0.0,0.0
Bago-West,Myanmar,Bago-West,2026-07-25,0.7918305993080139,1,Critical,"fatalities_w30d: +0.710, velocity_events_w30d: +0.387, velocity_fatalities_w30d: +0.302",8.0,16.0
Bihar,India,Bihar,2026-07-25,0.7950879335403442,1,Critical,"velocity_events_w30d: +0.283, events_w30d: +0.261, events_w14d: +0.233",16.0,0.0
Blue Nile,Sudan,Blue Nile,2026-07-18,0.8904199600219727,1,Critical,"fatalities_w30d: +1.304, velocity_fatalities_w30d: +0.449, events_w30d: +0.395",6.0,10.0
Central Darfur,Sudan,Central Darfur,2026-07-18,0.5092068910598755,1,High,"events_w30d: +0.299, velocity_events_w30d: -0.193, country_code: -0.174",5.0,3.0
Central Equatoria,South Sudan,Central Equatoria,2026-07-25,0.4855743646621704,1,High,"events_w30d: +0.163, fatalities_w30d: -0.152, admin1_code: +0.136",2.0,0.0
Chandigarh,India,Chandigarh,2026-07-25,0.714952290058136,1,Critical,"spillover_w14d: +0.441, velocity_events_w14d: +0.367, events_w30d: +0.318",9.0,0.0
Chhattisgarh,India,Chhattisgarh,2026-07-25,0.8049420118331909,1,Critical,"velocity_events_w7d: +0.567, events_w30d: +0.337, velocity_events_w14d: +0.287",44.0,0.0
Chin,Myanmar,Chin,2026-07-25,0.8873979449272156,1,Critical,"velocity_events_w30d: +0.507, velocity_fatalities_w30d: +0.458, fatalities_w30d: +0.299",7.0,6.0
Dadra and Nagar Haveli and Daman and Diu,India,Dadra and Nagar Haveli and Daman and Diu,2019-04-20,0.036582447588443756,0,Low,"events_w30d: -1.236, month: -0.461, events_w7d: -0.442",0.0,0.0
Delhi,India,Delhi,2026-07-25,0.4790727496147156,1,High,"events_w30d: +0.292, velocity_events_w30d: -0.229, fatalities_w30d: -0.187",17.0,0.0
East Darfur,Sudan,East Darfur,2026-07-25,0.1469414234161377,0,Low,"events_w7d: -0.445, velocity_events_w30d: -0.354, events_w14d: -0.348",0.0,0.0
Eastern Equatoria,South Sudan,Eastern Equatoria,2026-07-25,0.7743018269538879,1,Critical,"events_w30d: +0.432, velocity_events_w30d: +0.395, velocity_fatalities_w30d: +0.209",2.0,2.0
Gedaref,Sudan,Gedaref,2026-07-25,0.11435563862323761,0,Low,"events_w30d: -0.591, events_w14d: -0.407, events_w7d: -0.397",0.0,0.0
Goa,India,Goa,2026-07-25,0.510067343711853,1,High,"velocity_events_w30d: +0.279, velocity_events_w14d: +0.208, admin1_code: -0.174",8.0,0.0
Gujarat,India,Gujarat,2026-07-25,0.7590360045433044,1,Critical,"velocity_events_w30d: +0.697, events_w30d: +0.284, spillover_w14d: -0.237",9.0,0.0
Haryana,India,Haryana,2026-07-25,0.6604475378990173,1,Critical,"velocity_events_w14d: +0.284, velocity_events_w30d: -0.248, fatalities_w30d: -0.236",48.0,1.0
Himachal Pradesh,India,Himachal Pradesh,2026-07-25,0.4161407947540283,1,High,"velocity_events_w30d: -0.487, events_w30d: +0.322, fatalities_w30d: -0.187",9.0,0.0
Jammu and Kashmir,India,Jammu and Kashmir,2026-07-25,0.9326601028442383,1,Critical,"events_w7d: +1.194, velocity_events_w14d: +0.391, velocity_events_w7d: +0.373",83.0,1.0
Jharkhand,India,Jharkhand,2026-07-25,0.4723666310310364,1,High,"velocity_events_w30d: -0.325, events_w30d: +0.208, fatalities_w30d: -0.173",8.0,0.0
Jonglei,South Sudan,Jonglei,2026-07-25,0.9383025765419006,1,Critical,"fatalities_w30d: +2.115, velocity_fatalities_w30d: -0.687, events_w30d: +0.520",7.0,24.0
Kachin,Myanmar,Kachin,2026-07-25,0.619931697845459,1,Critical,"fatalities_w30d: +0.515, events_w30d: +0.357, velocity_events_w30d: -0.353",8.0,0.0
Karnataka,India,Karnataka,2026-07-25,0.9250373840332031,1,Critical,"events_w7d: +1.477, events_w14d: +0.499, velocity_events_w7d: +0.274",58.0,0.0
Kassala,Sudan,Kassala,2026-07-11,0.3263905644416809,1,Medium,"events_w30d: -0.580, velocity_events_w30d: +0.449, velocity_fatalities_w30d: +0.306",0.0,0.0
Kayah,Myanmar,Kayah,2026-07-25,0.6268580555915833,1,Critical,"velocity_events_w30d: +0.346, admin1_code: +0.155, velocity_fatalities_w30d: -0.137",5.0,8.0
Kayin,Myanmar,Kayin,2026-07-25,0.8582602143287659,1,Critical,"fatalities_w30d: +1.065, velocity_fatalities_w30d: -0.692, events_w30d: +0.448",11.0,18.0
Kerala,India,Kerala,2026-07-25,0.38847285509109497,1,Medium,"velocity_events_w30d: -0.591, fatalities_w30d: -0.292, events_w7d: +0.273",40.0,0.0
Khartoum,Sudan,Khartoum,2026-07-25,0.6509814262390137,1,Critical,"events_w30d: +0.279, admin1_code: +0.199, fatalities_w7d: +0.147",9.0,3.0
Ladakh,India,Ladakh,2026-07-18,0.14307475090026855,0,Low,"events_w7d: -0.500, velocity_events_w30d: -0.346, spillover_w14d: -0.290",0.0,0.0
Lakes,South Sudan,Lakes,2026-07-25,0.4110730290412903,1,High,"events_w7d: -0.345, events_w14d: -0.237, velocity_events_w30d: +0.133",0.0,0.0
Lakshadweep,India,Lakshadweep,2026-05-30,0.03035825677216053,0,Low,"events_w30d: -1.469, events_w7d: -0.503, events_w14d: -0.477",0.0,0.0
Madhya Pradesh,India,Madhya Pradesh,2026-07-25,0.5929035544395447,1,High,"events_w30d: +0.259, spillover_w14d: -0.244, velocity_events_w30d: +0.228",16.0,0.0
Magway,Myanmar,Magway,2026-07-25,0.9984366297721863,1,Critical,"fatalities_w30d: +1.921, events_w7d: +0.678, events_w14d: +0.562",40.0,18.0
Maharashtra,India,Maharashtra,2026-07-25,0.771906316280365,1,Critical,"spillover_w14d: +0.399, events_w14d: +0.358, events_w30d: +0.315",49.0,0.0
Mandalay,Myanmar,Mandalay,2026-07-25,0.9608033895492554,1,Critical,"fatalities_w30d: +1.484, events_w30d: +0.388, admin1_code: +0.316",18.0,24.0
Manipur,India,Manipur,2026-07-25,0.7144637107849121,1,Critical,"velocity_fatalities_w30d: +0.364, velocity_events_w30d: +0.358, events_w7d: +0.217",19.0,0.0
Meghalaya,India,Meghalaya,2026-07-25,0.4118480384349823,1,High,"events_w30d: +0.353, spillover_w14d: -0.254, admin1_code: -0.188",7.0,0.0
Mizoram,India,Mizoram,2026-07-25,0.25324490666389465,1,Medium,"admin1_code: -0.332, velocity_events_w30d: -0.305, events_w30d: -0.201",6.0,0.0
Mon,Myanmar,Mon,2026-07-25,0.6245426535606384,1,Critical,"velocity_events_w30d: +0.584, admin1_code: -0.263, events_w30d: +0.169",2.0,0.0
Nagaland,India,Nagaland,2026-07-25,0.3860558569431305,1,Medium,"admin1_code: -0.442, events_w30d: +0.259, fatalities_w30d: -0.126",2.0,0.0
Nay Pyi Taw,Myanmar,Nay Pyi Taw,2026-07-25,0.35059604048728943,1,Medium,"admin1_code: -0.349, velocity_events_w30d: -0.322, fatalities_w30d: -0.199",8.0,0.0
North Darfur,Sudan,North Darfur,2026-07-25,0.8786523342132568,1,Critical,"fatalities_w30d: +1.207, velocity_fatalities_w30d: +0.465, events_w30d: +0.380",7.0,4.0
North Kordofan,Sudan,North Kordofan,2026-07-25,0.9912238121032715,1,Critical,"fatalities_w30d: +2.040, velocity_fatalities_w30d: +0.748, events_w30d: +0.670",18.0,48.0
Northern,Sudan,Northern,2026-07-25,0.46377453207969666,1,High,"events_w7d: -0.575, fat_mean_w14d: +0.328, fatalities_w30d: +0.324",0.0,0.0
Northern Bahr el Ghazal,South Sudan,Northern Bahr el Ghazal,2026-06-27,0.22728723287582397,1,Medium,"events_w30d: -0.936, velocity_fatalities_w30d: +0.725, admin1_code: -0.481",0.0,0.0
Odisha,India,Odisha,2026-07-25,0.686733067035675,1,Critical,"velocity_events_w30d: +0.641, spillover_w14d: -0.379, events_w30d: +0.198",8.0,0.0
Puducherry,India,Puducherry,2026-07-18,0.2617010772228241,1,Medium,"spillover_w14d: -0.362, events_w14d: -0.269, events_w30d: +0.231",1.0,0.0
Punjab,India,Punjab,2026-07-25,0.8651199340820312,1,Critical,"events_w7d: +1.181, fatalities_w30d: -0.307, velocity_events_w14d: +0.263",95.0,1.0
Rajasthan,India,Rajasthan,2026-07-25,0.5540172457695007,1,High,"events_w7d: +0.342, velocity_events_w30d: -0.335, fatalities_w30d: -0.242",41.0,0.0
Rakhine,Myanmar,Rakhine,2026-07-25,0.9622327089309692,1,Critical,"fatalities_w30d: +0.891, events_w7d: +0.510, velocity_fatalities_w30d: +0.504",23.0,8.0
Red Sea,Sudan,Red Sea,2026-07-11,0.09753430634737015,0,Low,"events_w7d: -0.574, velocity_events_w30d: -0.351, fatalities_w30d: +0.341",0.0,0.0
River Nile,Sudan,River Nile,2026-07-11,0.17455606162548065,0,Low,"events_w30d: -0.685, velocity_events_w30d: +0.404, events_w7d: -0.322",0.0,0.0
Sagaing,Myanmar,Sagaing,2026-07-25,0.9918888211250305,1,Critical,"events_w7d: +1.533, fatalities_w30d: +1.287, events_w14d: +0.737",57.0,3.0
Sennar,Sudan,Sennar,2026-05-23,0.10620090365409851,0,Low,"events_w30d: -0.793, events_w7d: -0.446, events_w14d: -0.410",0.0,0.0
Shan-East,Myanmar,Shan-East,2026-07-18,0.3081001341342926,1,Medium,"events_w30d: -0.731, fatalities_w30d: -0.130, spillover_w14d: +0.125",1.0,1.0
Shan-North,Myanmar,Shan-North,2026-07-25,0.673358142375946,1,Critical,"velocity_events_w30d: +0.392, velocity_fatalities_w30d: +0.186, events_w30d: +0.157",4.0,1.0
Shan-South,Myanmar,Shan-South,2026-07-25,0.9326151013374329,1,Critical,"fatalities_w30d: +0.906, events_w7d: +0.302, events_w30d: +0.230",11.0,10.0
Sikkim,India,Sikkim,2026-07-18,0.02252051793038845,0,Low,"events_w30d: -1.539, spillover_w14d: -0.594, events_w7d: -0.481",0.0,0.0
South Darfur,Sudan,South Darfur,2026-07-25,0.6538534760475159,1,Critical,"velocity_events_w30d: +0.497, admin1_code: +0.196, events_w30d: +0.169",3.0,3.0
South Kordofan,Sudan,South Kordofan,2026-07-25,0.7057502269744873,1,Critical,"admin1_code: +0.332, fat_std_w30d: +0.319, fatalities_w30d: +0.244",3.0,3.0
Tamil Nadu,India,Tamil Nadu,2026-07-25,0.5550612211227417,1,High,"velocity_events_w30d: -0.830, events_w7d: +0.545, events_w14d: +0.283",64.0,1.0
Tanintharyi,Myanmar,Tanintharyi,2026-07-25,0.7364997267723083,1,Critical,"events_w30d: +0.308, fatalities_w14d: +0.165, admin1_code: +0.154",9.0,9.0
Telangana,India,Telangana,2026-07-25,0.8460077047348022,1,Critical,"events_w7d: +1.097, velocity_events_w30d: -0.568, events_w14d: +0.498",57.0,0.0
Tripura,India,Tripura,2026-07-25,0.34698939323425293,1,Medium,"velocity_events_w30d: -0.310, fatalities_w30d: -0.188, events_w14d: -0.140",18.0,0.0
Unity,South Sudan,Unity,2026-07-11,0.5794906616210938,1,High,"events_w30d: +0.278, velocity_events_w30d: +0.237, month: -0.106",2.0,0.0
Upper Nile,South Sudan,Upper Nile,2026-07-18,0.6080479025840759,1,Critical,"events_w30d: +0.324, fatalities_w30d: +0.298, admin1_code: -0.163",1.0,2.0
Uttar Pradesh,India,Uttar Pradesh,2026-07-25,0.7871626615524292,1,Critical,"velocity_events_w30d: +0.666, velocity_fatalities_w30d: +0.308, fatalities_w30d: -0.219",50.0,0.0
Uttarakhand,India,Uttarakhand,2026-07-25,0.6371316909790039,1,Critical,"events_w14d: +0.305, events_w7d: +0.215, velocity_fatalities_w30d: +0.196",14.0,0.0
Warrap,South Sudan,Warrap,2026-07-18,0.7395505905151367,1,Critical,"fatalities_w30d: +0.736, fat_mean_w14d: +0.224, velocity_events_w30d: +0.219",3.0,0.0
West Bengal,India,West Bengal,2026-07-25,0.5176465511322021,1,High,"velocity_events_w30d: +0.357, velocity_events_w14d: -0.324, events_w7d: +0.256",19.0,0.0
West Darfur,Sudan,West Darfur,2026-07-25,0.19873225688934326,0,Low,"velocity_events_w30d: -1.117, fatalities_w30d: +0.570, admin1_code: -0.541",6.0,0.0
West Kordofan,Sudan,West Kordofan,2026-07-25,0.5633110404014587,1,High,"fatalities_w30d: +0.833, admin1_code: -0.450, fatalities_w14d: +0.187",10.0,11.0
Western Bahr el Ghazal,South Sudan,Western Bahr el Ghazal,2026-07-18,0.2577943503856659,1,Medium,"events_w30d: -0.452, admin1_code: -0.337, velocity_events_w30d: -0.298",1.0,3.0
Western Equatoria,South Sudan,Western Equatoria,2026-07-04,0.29821497201919556,1,Medium,"admin1_code: -0.608, events_w30d: -0.230, velocity_fatalities_w30d: +0.200",1.0,0.0
White Nile,Sudan,White Nile,2026-07-11,0.37515056133270264,1,Medium,"admin1_code: -0.458, fat_std_w30d: +0.449, velocity_events_w30d: -0.429",2.0,1.0
Yangon,Myanmar,Yangon,2026-07-25,0.647315502166748,1,Critical,"velocity_fatalities_w30d: +0.317, fatalities_w30d: -0.205, events_w30d: +0.188",7.0,0.0
